Name,Class,Lv,CHP,HP,Def,Res,Weapon,Atk,Hit,Avd,Crt,Evd,AS,Mov
Warg 1,Warg,3,0,21,6,0,Wild Fang,10,95,17,3,5,6,5
Warg 2,Warg,3,13,20,7,0,Wild Fang,11,98,19,2,5,7,5
Warg 3,Warg,3,1,22,5,0,Wild Fang,12,94,21,4,5,8,5
Warg 4,Warg,3,21,21,7,0,Wild Fang,10,96,17,3,5,6,5
Warg 5,Warg,3,20,20,6,0,Wild Fang,11,93,21,2,5,8,5
Warg 6,Warg,4,14,23,6,1,Wild Fang,12,110,23,5,5,9,5
Zombie A,Revenant,5,30,30,1,0,Rending Claw,18,85,4,10,0,2,4
ZomB,Revenant,5,32,32,0,0,Rending Claw,18,86,2,11,0,1,4
???,Summoner,10,28,28,6,9,Shade,14,90,18,5,6,6,5